{"_runtime":1.4121677,"_step":7,"_wandb":{"runtime":1},"acc":0.7613517982366304,"loss":0.1924129840961057,"_timestamp":1.7417121345519826e+09}